timestep,metric,avg_deviation,variance,d_avg_deviation_diff,d_variance_diff,d_avg_deviation_grad,d_variance_grad
0,reward,0.03941334189847111,0.0008250538996367211,0.0013004192765802135,0.0001349584258280349,0.0013004192765802135,0.0001349584258280349
20,reward,0.06542172743007538,0.0035242224161974194,0.0008100241979118454,0.00014152663981676177,0.0010552217372460295,0.00013824253282239835
40,reward,0.08162221138831229,0.006354755212532655,0.00021278285799780777,6.533621882353091e-05,0.0005114035279548266,0.00010343142932014632
60,reward,0.08587786854826844,0.007661479589003273,0.0006563826870115009,0.00013204855197009995,0.00043458277250465436,9.869238539681542e-05
80,reward,0.09900552228849846,0.010302450628405272,0.00048151293848059035,3.5149021642154416e-05,0.0005689478127460457,8.359878680612718e-05
100,reward,0.10863578105811027,0.01100543106124836,0.00024035840318538463,0.00017201468045106486,0.0003609356708329875,0.00010358185104660965
120,reward,0.11344294912181796,0.014445724670269658,0.000691370699350953,0.0002493409283541513,0.00046586455126816883,0.00021067780440260807
140,reward,0.12727036310883702,0.019432543237352683,-8.748806247604047e-05,-6.313201892907614e-05,0.00030194131843745627,9.310445471253756e-05
160,reward,0.1255206018593162,0.01816990285877116,-8.277630107477174e-05,-9.01916536001357e-06,-8.51321817754061e-05,-3.607559214454485e-05
180,reward,0.12386507583782078,0.01798951955157089,9.183323141769422e-05,-0.00014592201715811753,4.528465171461243e-06,-7.747059125906555e-05
200,reward,0.12570174046617466,0.015071079208408538,0.000209551543608541,9.867692205604416e-05,0.0001506923875131176,-2.3622547551036682e-05
220,reward,0.12989277133834548,0.01704461764952942,0.00023015203751856477,0.00031559419669573917,0.0002198517905635529,0.00020713555937589166
240,reward,0.13449581208871678,0.023356501583444204,0.0005166405279887834,-4.026833748807645e-05,0.0003733962827536741,0.00013766292960383134
260,reward,0.14482862264849244,0.022551134833682675,-0.00032588343392126324,3.6229560771271034e-05,9.537854703376008e-05,-2.0193883584027074e-06
280,reward,0.13831095397006718,0.023275726049108096,0.0009282755238236865,0.0002077502900642193,0.0003011960449512116,0.00012198992541774516
300,reward,0.1568764644465409,0.027430731850392482,0.00014232187150628461,0.00046996357532221814,0.0005352986976649855,0.00033885693269321873
320,reward,0.1597229018766666,0.036830003356836845,-0.0004450088581361353,-0.0005123466070386768,-0.00015134349331492533,-2.1191515858229316e-05
340,reward,0.1508227247139439,0.02658307121606331,0.001186824937118218,0.00035333401877563465,0.00037090803949104133,-7.950629413152107e-05
360,reward,0.17455922345630825,0.033649751591576,-0.0008655661878874538,-0.0003361246659320062,0.0001606293746153821,8.60467642181421e-06
380,reward,0.15724789969855918,0.026927258272935878,0.0020612849160097533,0.0018391904405135827,0.0005978593640611499,0.0007515328872907883
400,reward,0.19847359801875425,0.06371106708320753,-0.00017942061100620772,-0.0008085003388513801,0.0009409321525017729,0.0005153450508311013
420,reward,0.1948851857986301,0.04754106030617993,0.0011294843603363955,0.0021180321770841236,0.0004750318746650939,0.0006547659191163717
440,reward,0.217474873005358,0.0899017038478624,-0.0005840910585802716,-0.0010811167316954328,0.0002726966508780619,0.0005184577226943455
460,reward,0.20579305183375257,0.06827936921395375,0.00183222590171499,0.002658297085226499,0.0006240674215673592,0.0007885901767655332
480,reward,0.24243756986805237,0.12144531091848373,0.0007724184399121425,-0.0002514504120511227,0.0013023221708135663,0.0012034233365876882
500,reward,0.2578859386662952,0.11641630267746128,-0.00039572022995707916,0.0002941551230065467,0.0001883491049775317,2.1352355477712026e-05
520,reward,0.24997153406715364,0.12229940513759222,0.0015098887407657454,0.0015488598277782664,0.0005570842554043331,0.0009215074753924066
540,reward,0.28016930888246855,0.15327660169315754,0.0014296329082790216,0.0006284819881300502,0.0014697608245223836,0.0010886709079541584
560,reward,0.308761967048049,0.16584624145575855,-0.00011287409928627812,1.860186908832495e-05,0.0006583794044963717,0.0003235419286091876
580,reward,0.3065044850623234,0.16621827883752505,0.0033252385538362515,0.004374333600986271,0.0016061822272749869,0.002196467735037298
600,reward,0.37300925613904845,0.2537049508572505,0.0008898586753930404,0.001324775126068059,0.002107548614614646,0.002849554363527165
620,reward,0.39080642964690926,0.28020045337861166,0.003672024577292174,0.005439452577880105,0.002280941626342607,0.003382113851974082
640,reward,0.46424692119275274,0.38898950493621376,0.0038940138492434967,0.003324598532913997,0.003783019213267835,0.004382025555397051
660,reward,0.5421271981776227,0.4554814755944937,0.0007639307673671214,0.0020926951509831703,0.002328972308305309,0.0027086468419485837
680,reward,0.5574058135249651,0.4973353786141571,0.0009241009275720025,0.0006322283460433176,0.0008440158474695619,0.001362461748513244
700,reward,0.5758878320764051,0.5099799455350235,0.004388297636323845,0.005446279962798317,0.002656199281947924,0.003039254154420817
720,reward,0.6636537848028821,0.6189055447909898,0.005422967014426827,0.005362298069124976,0.004905632325375336,0.0054042890159616466
740,reward,0.7721131250914186,0.7261515061734893,0.0013335106798767816,-0.002190072818594896,0.0033782388471518044,0.0015861126252650405
760,reward,0.7987833386889542,0.6823500498015914,0.003198926492506865,0.0003087826795352577,0.0022662185861918233,-0.0009406450695298191
780,reward,0.8627618685390915,0.6885257033922966,0.00554701538976225,0.010625851119199886,0.004372970941134558,0.005467316899367572
800,reward,0.9737021763343365,0.9010427257762943,0.0007965917165493108,0.00546617477176411,0.0031718035531557802,0.008046012945481998
820,reward,0.9896340106653227,1.0103662212115765,0.0019069507593157842,-0.009223112604480554,0.0013517712379325475,-0.0018784689163582225
840,reward,1.0277730258516384,0.8259039691219654,-0.0010504670908558112,0.010339403786602298,0.0004282418342299865,0.0005581455910608713
860,reward,1.0067636840345222,1.0326920448540113,0.0004657290453324081,-0.0021431772741265674,-0.0002923690227617015,0.004098113256237865
880,reward,1.0160782649411704,0.98982849937148,0.003187140316280412,0.006411063888452545,0.0018264346808064102,0.0021339433071629887
900,reward,1.0798210712667786,1.1180497771405309,0.001879315726604569,-0.0009285522098447241,0.002533228021442491,0.0027412558393039104
920,reward,1.11740738579887,1.0994787329436364,0.0027565168324508505,-0.004350064260180442,0.0023179162795277097,-0.002639308235012583
940,reward,1.172537722447887,1.0124774477400276,-0.004061128515168077,0.001599745608819325,-0.0006523058413586136,-0.0013751593256805584
960,reward,1.0913151521445255,1.044472359916414,0.004517530026612792,0.003635079431993926,0.00022820075572235754,0.0026174125204066257
980,reward,1.1816657526767813,1.1171739485562926,,,0.004517530026612792,0.003635079431993926
0,ir_person,0.03941333993221634,0.0008250538196619376,0.0013004195543035162,0.00013495842118360453,0.0013004195543035162,0.00013495842118360453
20,ir_person,0.06542173101828666,0.003524222243334028,0.0008100241093634386,0.00014152664323483538,0.0010552218318334774,0.00013824253220921995
40,ir_person,0.08162221320555543,0.0063547551080307355,0.00021278281713603132,6.533621498721782e-05,0.0005114034632497349,0.0001034314291110266
60,ir_person,0.08587786954827606,0.007661479407775092,0.0006563827388454235,0.00013204857400218664,0.00043458277799072743,9.869239449470223e-05
80,ir_person,0.09900552432518453,0.010302450887818825,0.00048151305667124624,3.514900878707119e-05,0.0005689478977583349,8.359879139462892e-05
100,ir_person,0.10863578545860945,0.011005431063560249,0.00024035843423917056,0.00017201469197446664,0.0003609357454552084,0.00010358185038076892
120,ir_person,0.11344295414339287,0.014445724903049581,0.0006913705070037384,0.0002493408879403961,0.00046586447062145454,0.00021067778995743138
140,ir_person,0.12727036428346764,0.019432542661857503,-8.748799334244995e-05,-6.31319816192145e-05,0.0003019412568306443,9.31044531605908e-05
160,ir_person,0.12552060441661864,0.018169903029473213,-8.277635943994693e-05,-9.019147647074816e-06,-8.513217639119844e-05,-3.6075564633144665e-05
180,ir_person,0.1238650772278197,0.017989520076531717,9.183328275685077e-05,-0.00014592203314127972,4.528461658451915e-06,-7.747059039417726e-05
200,ir_person,0.1257017428829567,0.015071079413706123,0.00020955145230982657,9.867691805008956e-05,0.00015069236753333868,-2.3622557545595076e-05
220,ir_person,0.12989277192915324,0.017044617774707914,0.0002301520882137989,0.00031559419129048306,0.00021985177026181274,0.00020713555467028632
240,ir_person,0.13449581369342922,0.023356501600517575,0.0005166404926894768,-4.026834405504217e-05,0.0003733962904516379,0.00013766292361772043
260,ir_person,0.14482862354721876,0.02255113471941673,-0.0003258832347346474,3.6229557964951276e-05,9.537862897741473e-05,-2.0193930450454477e-06
280,ir_person,0.1383109588525258,0.023275725878715757,0.0009282753494917418,0.00020775032741845341,0.00030119605737854717,0.00012198994269170234
300,ir_person,0.15687646584236065,0.027430732427084825,-0.00010767805055365842,-0.00013533072299651058,0.00041029864946904166,3.620980221097142e-05
320,ir_person,0.15472290483128748,0.024724117967154614,-0.0001950089548190606,9.2947641748721e-05,-0.00015134350268635952,-2.1191540623894787e-05
340,ir_person,0.15082272573490627,0.026583070802129034,0.0011868250150582765,0.0003533340456843651,0.000495908030119608,0.00022314084371654304
360,ir_person,0.1745592260360718,0.033649751715816335,-0.0008655663016252244,-0.00033612468036791005,0.00016062935671652608,8.604682658227506e-06
380,ir_person,0.1572479000035673,0.026927258108458134,0.0018112849676981569,0.0008612024796282747,0.00047285933303646625,0.00026253889963018235
400,ir_person,0.19347359935753045,0.04415130770102363,-0.0001794205860060155,-0.00041516720346347554,0.0008159321908460706,0.0002230176380823996
420,ir_person,0.18988518763741014,0.03584796363175412,0.0003794843220648561,8.938095250288492e-05,0.00010003186802942029,-0.00016289312548029532
440,ir_person,0.19747487407870726,0.037635582681811816,-8.40910289525723e-05,0.0002196377596775677,0.0001476966465561419,0.0001545093560902263
460,ir_person,0.1957930534996558,0.04202833787536317,0.000832225763690074,0.00023437975171664363,0.0003740673673687508,0.00022700875569710565
480,ir_person,0.2124375687734573,0.04671593290969604,0.0007889741462786315,0.00027613035422170663,0.0008105999549843527,0.00025525505296917513
500,ir_person,0.22821705169902992,0.052238539994130175,8.772404451156124e-05,0.0004083305672924253,0.0004383490953950964,0.00034223046075706597
520,ir_person,0.22997153258926115,0.06040515133997868,0.0002598888042411998,0.0002998664874793871,0.00017380642437638054,0.0003540985273859062
540,ir_person,0.23516930867408514,0.06640248108956642,0.0006796325973627976,-0.00017043555016766422,0.0004697607008019987,6.471546865586143e-05
560,ir_person,0.2487619606213411,0.06299377008621314,0.0008871261317108303,0.0007531895867917852,0.000783379364536814,0.0002913770183120605
580,ir_person,0.2665044832555577,0.07805756182204884,0.0014088778510049443,0.0006267561004655815,0.0011480019913578873,0.0006899728436286834
600,ir_person,0.2946820402756566,0.09059268383136047,0.0004056767699949004,-1.7112846751447115e-05,0.0009072773104999224,0.0003048216268570672
620,ir_person,0.3027955756755546,0.09025042689633153,0.00013987374389034523,0.00048773634605722704,0.00027277525694262283,0.00023531174965288996
640,ir_person,0.3055930505533615,0.10000515381747607,0.0020211674353740857,0.0009454229974423078,0.0010805205896322154,0.0007165796717497674
660,ir_person,0.3460163992608432,0.11891361376632223,0.000797634985348844,0.0013319480371605421,0.0014094012103614648,0.001138685517301425
680,ir_person,0.3619690989678201,0.14555257450953307,0.0016840162647786233,0.0007779947475541754,0.0012408256250637337,0.0010549713923573589
700,ir_person,0.39564942426339256,0.16111246946061658,0.0003865020462835711,0.0004901025923571709,0.0010352591555310973,0.0006340486699556731
720,ir_person,0.403379465189064,0.17091452130776,0.001312344828271303,0.0010110518777012203,0.000849423437277437,0.0007505772350291956
740,ir_person,0.42962636175449004,0.1911355588617844,0.0014149166073621044,0.00023352160711855862,0.0013636307178167037,0.0006222867424098895
760,ir_person,0.4579246939017321,0.19580599100415558,0.0029378983831556934,0.0019305129624467912,0.002176407495258899,0.0010820172847826749
780,ir_person,0.516682661564846,0.2344162502530914,0.0019613847219006886,0.0026076372801663293,0.002449641552528191,0.00226907512130656
800,ir_person,0.5559103560028598,0.286568995856418,1.3647802748883998e-05,-0.0012836617329782223,0.0009875162623247864,0.0006619877735940533
820,ir_person,0.5561833120578374,0.26089576119685354,0.000424421012336107,-0.0009124830896978436,0.00021903440754249547,-0.001098072411338033
840,ir_person,0.5646717323045596,0.24264609940289666,0.0011555709963722571,0.0024181755421889078,0.000789996004354182,0.0007528462262455321
860,ir_person,0.5877831522320047,0.2910096102466748,0.0011124936305277554,-0.0012233215403365833,0.0011340323134500063,0.0005974270009261623
880,ir_person,0.6100330248425598,0.26654317943994316,0.0005491502066288345,0.002325781364822882,0.0008308219185782951,0.0005512299122431494
900,ir_person,0.6210160289751365,0.3130588067364008,5.281162826576979e-05,0.0001389746152660243,0.00030098091744730217,0.001232377990044453
920,ir_person,0.6220722615404519,0.3158382990417213,0.0036846040080126875,-0.001407613369598415,0.0018687078181392285,-0.0006343193771661954
940,ir_person,0.6957643417007057,0.287686031649753,-0.00020491138103533867,0.0027307852087339298,0.0017398463134886744,0.0006615859195677574
960,ir_person,0.6916661140799989,0.3423017358244316,0.0011738479486084474,0.00043900460559163077,0.00048446828378655437,0.0015848949071627801
980,ir_person,0.7151430730521678,0.3510818279362642,,,0.0011738479486084474,0.00043900460559163077
0,sex_score,5.089331418275491e-05,3.935272176473333e-09,8.387878653593287e-06,3.7074608998574117e-09,8.387878653593287e-06,3.7074608998574117e-09
20,sex_score,0.00021865088725462066,7.808449017362156e-08,2.589979092590592e-06,5.255056432945879e-09,5.48892887309194e-06,4.481258666401645e-09
40,sex_score,0.0002704504691064325,1.8318561883253913e-07,2.8171892045065457e-06,7.905314442569336e-09,2.703584148548569e-06,6.580185437757607e-09
60,sex_score,0.0003267942531965634,3.4129190768392584e-07,4.2292453581469455e-06,1.6311389043027667e-08,3.523217281326746e-06,1.2108351742798501e-08
80,sex_score,0.00041137916035950234,6.675196885444791e-07,2.4808312300590874e-06,3.179009681976227e-09,3.3550382941030164e-06,9.745199362501947e-09
100,sex_score,0.0004609957849606841,7.310998821840037e-07,5.361768882721862e-06,2.4644869590573263e-08,3.921300056390475e-06,1.3911939636274745e-08
120,sex_score,0.0005682311626151213,1.223997273995469e-06,1.4774700393900217e-06,1.5700397864522986e-08,3.419619461055942e-06,2.0172633727548124e-08
140,sex_score,0.0005977805634029218,1.5380052312859286e-06,-3.635897301139358e-07,-9.964750239542549e-09,5.569401546380429e-07,2.8678238124902185e-09
160,sex_score,0.000590508768800643,1.3387102264950777e-06,-1.4199248980730298e-06,-2.5413382982144956e-08,-8.917573140934827e-07,-1.7689066610843754e-08
180,sex_score,0.0005621102708391825,8.304425668521785e-07,2.9509485466407136e-06,4.2651697547397196e-08,7.65511824283842e-07,8.61915728262612e-09
200,sex_score,0.0006211292417719967,1.6834765178001225e-06,1.7464021220792397e-07,-1.7895000802525547e-08,1.5627943794243188e-06,1.2378348372435824e-08
220,sex_score,0.0006246220460161552,1.3255765017496115e-06,1.3193946797400782e-06,-2.1272621624230362e-09,7.470174459740011e-07,-1.0011131482474293e-08
240,sex_score,0.0006510099396109568,1.2830312585011508e-06,2.6455532060937128e-06,9.286212720532295e-09,1.9824739429168956e-06,3.579475279054629e-09
260,sex_score,0.000703921003732831,1.4687555129117967e-06,-1.357976230792772e-06,6.962020432627387e-09,6.437884876504704e-07,8.124116576579841e-09
280,sex_score,0.0006767614791169756,1.6079959215643444e-06,-3.2124598510551795e-07,-1.5272091230393774e-08,-8.396111079491449e-07,-4.155035398883193e-09
300,sex_score,0.0006703365594148652,1.302554096956469e-06,0.00012458868953399345,0.00010622168941249312,6.213372177444397e-05,5.3103208660631365e-05
320,sex_score,0.0031621103500947345,0.002125736342346819,-0.00011428329267073426,-0.00010606498784741947,5.1526984316295985e-06,7.835078253682737e-08
340,sex_score,0.0008764444966800492,4.436585398429564e-06,1.0860306560061757e-05,5.891104734100983e-07,-5.171149305533626e-05,-5.2737938687004686e-05
360,sex_score,0.0010936506278812843,1.621879486663153e-05,3.867806750350018e-06,-8.318535076971314e-09,7.364056655205888e-06,2.903959691665635e-07
380,sex_score,0.0011710067628882847,1.6052424165092103e-05,0.00012883943540509761,0.000110094683113593,6.635362107772383e-05,5.5043182289258024e-05
400,sex_score,0.003747795470990237,0.0022179460864369524,-7.0505710318682566e-06,1.3739979765367603e-06,6.0894432186614686e-05,5.5734340545064884e-05
420,sex_score,0.003606784050352872,0.0022454260459676876,0.00037215675378683965,0.00030978773252675747,0.0001825530913774857,0.00015558086525164713
440,sex_score,0.011049919126089665,0.008441180696502838,-0.0002258854366373273,-0.00021174418510818527,7.313565857475617e-05,4.902177370928611e-05
460,sex_score,0.006532210393343119,0.004206296994339132,0.0004888296506833286,0.000354882267479256,0.00013147210702300064,7.156904118553537e-05
480,sex_score,0.01630880340700969,0.011303942343924253,-8.484541438519635e-06,3.410457638798594e-05,0.00024017255462240446,0.000194493421933621
500,sex_score,0.016139112578239297,0.011986033871683972,-0.00021905408636666845,-0.00022487885642532413,-0.00011376931390259405,-9.538714001866909e-05
520,sex_score,0.011758030850905928,0.007488456743177489,0.0005911639293190091,0.00034289573147051964,0.00018605492147617036,5.900843752259777e-05
540,sex_score,0.023581309437286112,0.014346371372587883,0.0003970353773329407,0.00014778223627368156,0.0004940996533259749,0.0002453389838721006
560,sex_score,0.031522016983944925,0.017302016098061514,-0.0004979883141350002,-0.00014791690355289372,-5.0476468401029764e-05,-6.733363960608266e-08
580,sex_score,0.02156225070124492,0.01434367802700364,0.0009636994447791952,0.0006299505781966595,0.0002328555653220975,0.0002410168373218829
600,sex_score,0.040836239596828826,0.02694268959093683,0.00018025747418869245,0.00019858844322646427,0.0005719784594839438,0.00041426951071156184
620,sex_score,0.044441389080602675,0.030914458455466115,0.001682318119099363,0.000701877578246432,0.0009312877966440277,0.00045023301073644816
640,sex_score,0.07808775146258994,0.044952010020394756,0.0009843878301326193,0.0005217591999265726,0.001333352974615991,0.0006118183890865024
660,sex_score,0.09777550806524232,0.05538719401892621,0.0005405524622183307,0.0005201129407688069,0.0007624701461754751,0.0005209360703476898
680,sex_score,0.10858655730960894,0.06578945283430235,-0.0006236481015803305,-0.0003036920175707676,-4.154781968099992e-05,0.00010821046159901968
700,sex_score,0.09611359527800233,0.059715612482886996,0.0021315445435466243,0.0006763664753928839,0.0007539482209831469,0.00018633722891105812
720,sex_score,0.1387444861489348,0.07324294199074467,0.002068319672136569,0.0006239824668561745,0.0020999321078415964,0.0006501744711245293
740,sex_score,0.1801108795916662,0.08572259132786816,-0.00011525823990814615,0.00012790669642898724,0.0009765307161142114,0.0003759445816425809
760,sex_score,0.17780571479350327,0.08828072525644791,0.00047631956159603086,-0.0002375106917368669,0.00018053066084394235,-5.480199765393983e-05
780,sex_score,0.18733210602542388,0.08353051142171057,0.001949062725761902,0.0006006718070376213,0.0012126911436789664,0.0001815805576503772
800,sex_score,0.22631336054066192,0.095543947562463,0.00030561126081738723,0.0013228560967628346,0.0011273369932896446,0.0009617639519002279
820,sex_score,0.23242558575700967,0.12200106949771969,0.0010083775887032964,-0.0010928327311298177,0.0006569944247603419,0.00011501168281650848
840,sex_score,0.2525931375310756,0.10014441487512334,-0.0009861506044398977,0.0008949715303150308,1.1113492131699376e-05,-9.893060040739344e-05
860,sex_score,0.23287012544227764,0.11804384548142395,-0.000440888465265743,0.00022209255079991483,-0.0007135195348528204,0.0005585320405574728
880,sex_score,0.22405235613696278,0.12248569649742225,0.0012162699790205802,0.000698692133998835,0.00038769075687741865,0.0004603923423993749
900,sex_score,0.2483777557173744,0.13645953917739895,0.0016986874785507103,0.00022412477483010478,0.0014574787287856452,0.0004614084544144699
920,sex_score,0.2823515052883886,0.14094203467400104,0.00016763403371441998,0.000178406290901581,0.0009331607561325651,0.0002012655328658429
940,sex_score,0.285704185962677,0.14451016049203266,-0.0026586632195394477,-0.0013092521231137806,-0.0012455145929125139,-0.0005654229161060998
960,sex_score,0.23253092157188804,0.11832511802975705,0.002036098332726394,0.0006993717061102224,-0.000311282443406527,-0.0003049402085017791
980,sex_score,0.2732528882264159,0.1323125521519615,,,0.002036098332726394,0.0006993717061102224
0,sex_score_binary,0.0,0.0,0.0,0.0,0.0,0.0
20,sex_score_binary,0.0,0.0,0.0,0.0,0.0,0.0
40,sex_score_binary,0.0,0.0,0.0,0.0,0.0,0.0
60,sex_score_binary,0.0,0.0,0.0,0.0,0.0,0.0
80,sex_score_binary,0.0,0.0,0.0,0.0,0.0,0.0
100,sex_score_binary,0.0,0.0,0.0,0.0,0.0,0.0
120,sex_score_binary,0.0,0.0,0.0,0.0,0.0,0.0
140,sex_score_binary,0.0,0.0,0.0,0.0,0.0,0.0
160,sex_score_binary,0.0,0.0,0.0,0.0,0.0,0.0
180,sex_score_binary,0.0,0.0,0.0,0.0,0.0,0.0
200,sex_score_binary,0.0,0.0,0.0,0.0,0.0,0.0
220,sex_score_binary,0.0,0.0,0.0,0.0,0.0,0.0
240,sex_score_binary,0.0,0.0,0.0,0.0,0.0,0.0
260,sex_score_binary,0.0,0.0,0.0,0.0,0.0,0.0
280,sex_score_binary,0.0,0.0,0.0,0.0,0.0,0.0
300,sex_score_binary,0.0,0.0,0.000125,0.00011874999999999997,6.25e-05,5.9374999999999986e-05
320,sex_score_binary,0.0025,0.0023749999999999995,-0.000125,-0.00011874999999999997,0.0,0.0
340,sex_score_binary,0.0,0.0,0.0,0.0,-6.25e-05,-5.9374999999999986e-05
360,sex_score_binary,0.0,0.0,0.0,0.0,0.0,0.0
380,sex_score_binary,0.0,0.0,0.000125,0.00011874999999999997,6.25e-05,5.9374999999999986e-05
400,sex_score_binary,0.0025,0.0023749999999999995,0.0,0.0,6.25e-05,5.9374999999999986e-05
420,sex_score_binary,0.0025,0.0023749999999999995,0.000375,0.00033125,0.0001875,0.000165625
440,sex_score_binary,0.01,0.009,-0.00025,-0.00022499999999999994,6.25e-05,5.3125000000000024e-05
460,sex_score_binary,0.005,0.0045000000000000005,0.0005000000000000001,0.0004000000000000001,0.00012500000000000006,8.750000000000008e-05
480,sex_score_binary,0.015000000000000003,0.012500000000000002,-1.7347234759768072e-19,1.2500000000000185e-05,0.00024999999999999995,0.00020625000000000013
500,sex_score_binary,0.015,0.012750000000000006,-0.00024999999999999995,-0.00023750000000000014,-0.00012500000000000006,-0.00011249999999999997
520,sex_score_binary,0.01,0.008000000000000004,0.0006249999999999999,0.00039374999999999984,0.0001875,7.812499999999985e-05
540,sex_score_binary,0.0225,0.015875,0.00037500000000000033,0.00018125,0.0005000000000000001,0.0002874999999999999
560,sex_score_binary,0.030000000000000006,0.0195,-0.0005000000000000004,-0.00021250000000000018,-6.250000000000006e-05,-1.5625000000000102e-05
580,sex_score_binary,0.019999999999999997,0.015249999999999996,0.0010000000000000002,0.0007000000000000004,0.0002499999999999999,0.00024375000000000012
600,sex_score_binary,0.04,0.029250000000000005,0.0002499999999999999,0.00028749999999999924,0.000625,0.0004937499999999998
620,sex_score_binary,0.045,0.03499999999999999,0.001750000000000001,0.0007874999999999997,0.0010000000000000005,0.0005374999999999995
640,sex_score_binary,0.08000000000000002,0.05074999999999998,0.0009999999999999996,0.0005875000000000009,0.0013750000000000001,0.0006875000000000003
660,sex_score_binary,0.1,0.0625,0.0005000000000000004,0.0005000000000000004,0.00075,0.0005437500000000006
680,sex_score_binary,0.11000000000000001,0.07250000000000001,-0.0006250000000000006,-0.000368750000000001,-6.250000000000006e-05,6.562499999999971e-05
700,sex_score_binary,0.0975,0.06512499999999999,0.0022500000000000007,0.0007750000000000007,0.0008125000000000001,0.00020312499999999983
720,sex_score_binary,0.14250000000000002,0.080625,0.0021249999999999993,0.0006812500000000006,0.0021874999999999998,0.0007281250000000007
740,sex_score_binary,0.185,0.09425000000000001,-0.0001250000000000015,6.874999999999868e-05,0.0009999999999999987,0.00037499999999999963
760,sex_score_binary,0.18249999999999997,0.09562499999999999,0.0005000000000000004,-0.00017500000000000016,0.00018749999999999946,-5.312500000000074e-05
780,sex_score_binary,0.19249999999999998,0.09212499999999998,0.0019999999999999974,0.0006125000000000005,0.001249999999999999,0.0002187500000000002
800,sex_score_binary,0.23249999999999993,0.104375,0.00025000000000000575,0.0013374999999999997,0.0011250000000000016,0.0009750000000000002
820,sex_score_binary,0.23750000000000004,0.131125,0.0011249999999999982,-0.001106249999999999,0.000687500000000002,0.00011562500000000045
840,sex_score_binary,0.26,0.10900000000000001,-0.0011250000000000023,0.0009187499999999988,-2.0816681711721684e-18,-9.375000000000008e-05
860,sex_score_binary,0.23749999999999996,0.127375,-0.00037499999999999616,0.0002312500000000023,-0.0007499999999999993,0.0005750000000000005
880,sex_score_binary,0.23000000000000004,0.13200000000000003,0.0012499999999999983,0.0007749999999999993,0.0004375000000000011,0.0005031250000000008
900,sex_score_binary,0.255,0.14750000000000002,0.0017499999999999987,0.0002500000000000002,0.0014999999999999985,0.0005124999999999997
920,sex_score_binary,0.29,0.15250000000000002,0.000250000000000003,0.00026249999999999885,0.0010000000000000009,0.00025624999999999953
940,sex_score_binary,0.29500000000000004,0.15775,-0.0028750000000000026,-0.0014937499999999992,-0.0013124999999999999,-0.0006156250000000002
960,sex_score_binary,0.2375,0.12787500000000002,0.0021249999999999993,0.00075625,-0.00037500000000000174,-0.0003687499999999996
980,sex_score_binary,0.27999999999999997,0.14300000000000002,,,0.0021249999999999993,0.00075625
0,aesthetics_score,0.0957477700710297,0.004257392070372788,0.003507922530174252,0.0006675952613879957,0.003507922530174252,0.0006675952613879957
20,aesthetics_score,0.16590622067451474,0.017609297298132702,0.0014544616937637311,0.0005480644080399714,0.0024811921119689915,0.0006078298347139835
40,aesthetics_score,0.19499545454978937,0.02857058545893213,0.0017144926190376317,0.0007027882988653932,0.0015844771564006814,0.0006254263534526824
60,aesthetics_score,0.229285306930542,0.042626351436239995,0.00010023146867751686,0.00026298062822378116,0.0009073620438575742,0.0004828844635445872
80,aesthetics_score,0.23128993630409234,0.04788596400071562,0.001175206363201145,0.0006366110554685229,0.0006377189159393309,0.00044979584184615205
100,aesthetics_score,0.25479406356811524,0.06061818511008608,0.0006784210801124597,0.0001087573370070729,0.0009268137216568023,0.0003726841962377979
120,aesthetics_score,0.26836248517036443,0.06279333185022754,-0.00022498828172683727,-6.854328709290924e-06,0.00022671639919281117,5.095150414889098e-05
140,aesthetics_score,0.2638627195358277,0.06265624527604172,0.0008275294303893982,0.0006315626425355464,0.00030127057433128047,0.0003123541569131277
160,aesthetics_score,0.28041330814361565,0.07528749812675264,0.0003742541074752831,-0.00021669874379991113,0.0006008917689323406,0.00020743194936781762
180,aesthetics_score,0.2878983902931213,0.07095352325075442,0.00014736187458038174,0.0003340960481907046,0.00026080799102783244,5.869865219539673e-05
200,aesthetics_score,0.29084562778472894,0.07763544421456851,0.0013074876070022611,0.0001564140255981415,0.0007274247407913215,0.00024525503689442306
220,aesthetics_score,0.31699537992477417,0.08076372472653134,6.388461589813265e-05,0.0004054366969821102,0.000685686111450197,0.00028092536129012587
240,aesthetics_score,0.3182730722427368,0.08887245866617355,-0.0005891708135604884,-0.0005300363062435761,-0.00026264309883117785,-6.229980463073291e-05
260,aesthetics_score,0.30648965597152705,0.07827173254130203,0.0008764544129371693,0.000729227148104867,0.00014364179968834047,9.959542093064544e-05
280,aesthetics_score,0.32401874423027044,0.09285627550339937,0.0009134269952773999,0.0008512925468249132,0.0008949407041072846,0.00079025984746489
300,aesthetics_score,0.34228728413581844,0.10988212643989763,0.0004564961194992084,0.0007012517493158975,0.0006849615573883041,0.0007762721480704053
320,aesthetics_score,0.3514172065258026,0.12390716142621558,0.0003011585474014283,-0.0010912504279718314,0.0003788273334503184,-0.000194999339327967
340,aesthetics_score,0.3574403774738312,0.10208215286677895,-0.00040560811758041384,0.0002831761365774399,-5.2224785089492745e-05,-0.0004040371456971958
360,aesthetics_score,0.3493282151222229,0.10774567559832775,0.001152433276176451,0.0009248205711203071,0.0003734125792980186,0.0006039983538488735
380,aesthetics_score,0.3723768806457519,0.1262420870207339,0.0004593354463577282,0.0003377961475675914,0.0008058843612670896,0.0006313083593439493
400,aesthetics_score,0.3815635895729065,0.13299800997208572,-0.00012927067279815962,0.00033342865340317134,0.00016503238677978427,0.0003356124004853814
420,aesthetics_score,0.3789781761169433,0.13966658304014914,0.0008949346542358405,0.0004247991819887234,0.00038283199071884044,0.0003791139176959474
440,aesthetics_score,0.3968768692016601,0.1481625666799236,-0.0003838196992874132,-0.00030693522200270635,0.00025555747747421366,5.893197999300853e-05
460,aesthetics_score,0.38920047521591183,0.14202386223986949,2.004742622375433e-05,0.0003950468432642712,-0.00018188613653182943,4.405581063078243e-05
480,aesthetics_score,0.3896014237403869,0.1499247991051549,0.0016627331376075777,0.0011492663785224913,0.000841390281915666,0.0007721566108933812
500,aesthetics_score,0.4228560864925385,0.17291012667560474,0.0006906774044036834,7.057612803885726e-05,0.0011767052710056306,0.0006099212532806742
520,aesthetics_score,0.43666963458061214,0.17432164923638188,-0.0015205644965171794,0.00023026879751356365,-0.00041494354605674797,0.00015042246277621046
540,aesthetics_score,0.40625834465026855,0.17892702518665315,0.001904013574123381,0.0005947808643549212,0.00019172453880310082,0.00041252483093424247
560,aesthetics_score,0.4443386161327362,0.19082264247375158,0.0007760421037673937,0.00018874031526576324,0.0013400278389453873,0.0003917605898103423
580,aesthetics_score,0.45985945820808405,0.19459744877906685,0.0004058273434638965,0.0008983374609562265,0.000590934723615645,0.0005435388881109948
600,aesthetics_score,0.467976005077362,0.21256419799819137,0.0008598804473876953,0.0008789218086228429,0.0006328538954257959,0.0008886296347895347
620,aesthetics_score,0.4851736140251159,0.23014263417064823,0.0009356502890586899,0.0003726711145056544,0.0008977653682231926,0.0006257964615642486
640,aesthetics_score,0.5038866198062897,0.23759605646076132,0.0009620223641395587,-0.00024643142309760667,0.0009488363265991243,6.311984570402385e-05
660,aesthetics_score,0.5231270670890809,0.23266742799880918,0.0004608675241470239,0.0030822244903549846,0.0007114449441432913,0.0014178965336286888
680,aesthetics_score,0.5323444175720213,0.2943119178059089,0.0003736507892608709,-0.0010385906370567772,0.0004172591567039474,0.0010218169266491036
700,aesthetics_score,0.5398174333572388,0.27354010506477333,0.0005631437897682168,0.001631540217055563,0.00046839728951454386,0.000296474789999393
720,aesthetics_score,0.5510803091526031,0.3061709094058846,0.0021262944936752347,1.305114487154535e-06,0.0013447191417217258,0.0008164226657713589
740,aesthetics_score,0.5936061990261078,0.3061970116956277,-0.001355685174465182,0.000794592988701473,0.00038530465960502636,0.00039794905159431376
760,aesthetics_score,0.5664924955368041,0.32208887146965715,0.0013452562689781177,0.0007151004763603197,-5.214452743532161e-06,0.0007548467325308964
780,aesthetics_score,0.5933976209163665,0.33639088099686354,0.0006661836206912963,-0.001052202982480152,0.001005719944834707,-0.0001685512530599162
800,aesthetics_score,0.6067212933301924,0.3153468213472605,0.0018772568404674616,0.0027566074132495677,0.001271720230579379,0.0008522022153847078
820,aesthetics_score,0.6442664301395417,0.37047896961225185,0.0010944850444793708,-3.574284765023306e-07,0.0014858709424734162,0.0013781249923865326
840,aesthetics_score,0.6661561310291291,0.3704718210427218,0.00029023486375808204,0.0008326780269880707,0.0006923599541187264,0.00041616029925578416
860,aesthetics_score,0.6719608283042907,0.3871253815824832,0.0003272479176521292,0.0001314868982802836,0.00030874139070510566,0.00048208246263417717
880,aesthetics_score,0.6785057866573333,0.3897551195480889,-0.0022285598516464224,0.0005690930187044002,-0.0009506559669971465,0.0003502899584923419
900,aesthetics_score,0.6339345896244049,0.4011369799221769,0.002895477235317229,0.0003420355309255163,0.0003334586918354032,0.00045556427481495827
920,aesthetics_score,0.6918441343307494,0.4079776905406872,-0.0029012349247932332,-0.0029607409277847664,-2.878844738002373e-06,-0.001309352698429625
940,aesthetics_score,0.6338194358348848,0.3487628719849919,0.003125150203704824,0.001219674743302751,0.0001119576394557953,-0.0008705330922410076
960,aesthetics_score,0.6963224399089812,0.3731563668510469,-0.0022455891370773305,0.0010714045493116996,0.00043978053331374665,0.0011455396463072253
980,aesthetics_score,0.6514106571674346,0.3945844578372809,,,-0.0022455891370773305,0.0010714045493116996
